{"first": {"n": 10, "fibonacci": [0, 1, 1, 2, 3, 5, 8, 13, 21, 34], "computed_at": 1778137889.2985857}, "second": {"n": 10, "fibonacci": [0, 1, 1, 2, 3, 5, 8, 13, 21, 34], "computed_at": 1778137889.2985868}}